Qty,Reference(s),Value,Description,Mfr,Mfr P/N,Supplier 1 P/N
12,"C20, C21, C32, C33",22p,CAP MICA 22PF 5% 100V 0805,Cornell Dubilier Knowles,MC08EA220J-F,338-1102-ND
3,C23,100nF,CAP CER 0.1UF 50V X7R 0805,KEMET,C0805C104M5RAC7800,399-C0805C104M5RAC7800TR-ND
3,e2,Buffer 5V to 3V3,IC BUFFER NON-INVERT 6V 16DIP,Texas Instruments,CD74HC4050E,296-9213-5-ND
3,J12,Micro_SD_Card,"MICRO SD CARD CONNECTOR, 8 POSIT",CUI Devices,MSD-10-C,2223-MSD-10-CTR-ND
3,J15,JTAG,CONN HEADER SMD 10POS 1.27MM,CNC Tech,3221-10-0300-00,1175-1735-ND
3,L1,10uH,FIXED IND 10UH 500MA 300MOHM SMD,TDK Corporation,MLZ2012N100LT000,445-6762-2-ND
6,"U3, U6",LM1117,IC REG LIN POS ADJ 800MA TO220-3,Texas Instruments,LM1117T-ADJ/NOPB,LM1117T-ADJ/NOPB-ND
5,U4,ATSAMD51J19A,IC MCU 32BIT 512KB FLASH 64TQFP,Microchip Technology,ATSAMD51J19A-AUT,ATSAMD51J19A-AUTTR-ND
3,U5,XUX51,CRYSTAL 32.7680KHZ SMD,EM Microelectronic,EM7604V00SP6B+,2651-EM7604V00SP6B+TR-ND
