Qty,Mfr,Mfr P/N,Supplier 1,Supplier 1 P/N
1,MPD (Memory Protection Devices),BC9VPC,DigiKey,BC9VPC-ND
5,YAGEO,CC0805KKX7R7BB105,DigiKey,311-1365-2-ND
4,KYOCERA AVX,600F220FT250XT,DigiKey,478-600F220FT250XTTR-ND
2,Samsung Electro-Mechanics,CL21A106KOQNNNE,DigiKey,1276-1096-2-ND
4,YAGEO,CC0805KRX7R9BB103,DigiKey,311-1136-2-ND
1,KEMET,C0805C104M5RAC7800,DigiKey,399-C0805C104M5RAC7800TR-ND
1,KEMET,C0805C102K5RAC7800,DigiKey,399-C0805C102K5RAC7800TR-ND
1,TDK Corporation,CGA4J3X7R2E223K125AA,DigiKey,445-5836-2-ND
1,SparkFun Electronics,COM-16347,DigiKey,1568-COM-16347TR-ND
1,Amphenol ICC (FCI),10118193-0001LF,DigiKey,609-4616-2-ND
1,CNC Tech,3221-10-0300-00,DigiKey,1175-1735-ND
1,Adam Tech,RF2-04A-T-00-50-G,DigiKey,2057-RF2-04A-T-00-50-G-ND
12,Stackpole Electronics Inc,RMCF0805JT10K0,DigiKey,RMCF0805JT10K0TR-ND
2,Stackpole Electronics Inc,RMCF0805JT4K70,DigiKey,RMCF0805JT4K70TR-ND
1,NKK Switches,AS11CH,DigiKey,360-2728-ND
2,Bourns Inc.,PEC11R-4215F-S0024,DigiKey,PEC11R-4215F-S0024-ND
1,Microchip Technology,MCP1801T-3302I/OT,DigiKey,MCP1801T-3302I/OTTR-ND
1,Microchip Technology,ATSAMD21E17A-AU,DigiKey,ATSAMD21E17A-AU-ND
1,Skyworks Solutions Inc.,SI4735-D60-GU,DigiKey,336-2140-ND
2,Seiko Instruments,SC32S-7PF20PPM,DigiKey,728-1074-2-ND
3,TE Connectivity Linx,ADP-RPSM-SMAF-G,DigiKey,ADP-RPSM-SMAF-G-ND
3,Adafruit Industries LLC,326,DigiKey,1528-1220-ND
