Reference,Value,Qty,Mfn,Mfn PN,Supplier,Supplier PN,Ordered
"C1,C3",22p,2,Murata Electronics,GRM1555C2A220JA01D,DigiKey,490-7303-2-ND,10 in cart
"C2,C18",10u,2,Murata Electronics,GRM21BR71A106KA73L,DigiKey,490-10516-2-ND,10 in cart
C4,100n,1,Murata Electronics,GCM155R71C104KA55J,DigiKey,490-7998-2-ND,10 in cart
C5,22u,1,Vishay Sprague,TMCP0J226MTRF,DigiKey,718-2487-2-ND,2 in cart
C6,22n,1,Murata Electronics,GRM155R71C223MA01D,DigiKey,490-GRM155R71C223MA01DTR-ND,10 in cart
C7,1n,1,Murata Electronics,GCM155R71H102MA37D,DigiKey,490-GCM155R71H102MA37DTR-ND,10 in cart
"C8,C9,C10,C11",0.01u,4,Murata Electronics,GRM2195C1H103JA01D,DigiKey,490-1642-2-ND,10 in cart
"C12,C13,C14,C15,C16,C17",0.1u,6,Murata Electronics,GCM21BR72A104KA37L,DigiKey,490-4789-2-ND,10 in cart
J7,Barrel_Jack,1,"GlobTek, Inc.",G-1005B,DigiKey,1939-G-1005B-ND,2 in cart
"R1,R2,R16",4.7k,3,YAGEO,RC0402JR-074K7L,DigiKey,311-4.7KJRTR-ND,10 in cart
"R3,R4,R5,R8,R9,R10,R13,R17",10k,8,YAGEO,RC0805JR-0710KL,DigiKey,311-10KARTR-ND,10 in cart
"R14,R15,R18",1k,3,YAGEO,AC0805JR-071KL,DigiKey,YAG3765TR-ND,10 in cart
U1,Si4735-D60-GU,1,Skyworks Solutions Inc.,SI4735-D60-GUR,DigiKey,SI4735-D60-GUR-ND,
U2,PIC32MX170F256B,1,Microchip Technology,PIC32MX170F256B-I/SO,DigiKey,PIC32MX170F256B-I/SO-ND,2 in cart
U4,AMS1117-3.3,1,EVVO,AMS1117-3.3,DigiKey,5272-AMS1117-3.3TR-ND,2 in cart
Y2,32.768kHz,1,Seiko Instruments,SC32S-7PF20PPM,DigiKey,728-1074-2-ND,2 in cart
