Qty,Supplier PN
6,490-7303-2-ND
6,490-10516-2-ND
3,490-7998-2-ND
3,718-2487-2-ND
3,490-GRM155R71C223MA01DTR-ND
3,490-GCM155R71H102MA37DTR-ND
12,490-1642-2-ND
18,490-4789-2-ND
3,1568-COM-16347TR-ND
3,475-LGR971-KN-1TR-ND
3,2057-RF2-04A-T-00-50-G-ND
3,CP1-3523N-ND
3,455-SM04B-SRSS-TBTR-ND
3,1939-G-1005B-ND
9,311-4.7KJRTR-ND
24,311-10KARTR-ND
6,YAG3765TR-ND
3,EG1903-ND
6,PEC11R-4215F-S0024-ND
6,CKN12319-2-ND
3,336-2140-ND
3,PIC32MX170F256B-I/SO-ND
3,5272-AMS1117-3.3TR-ND
3,728-1074-2-ND
